Quantity	Unknown barcode
1	AGGYTTCGCCTCCTCAAACCCCATCGAATACAAACTCTCCATATGCATCAAAAGCTGTGCCGCCTTATCACTTGCCCCCTTTTCCAATGAATTGGCATAGGCATTAATAATCGCACCAAATGTCAATGCATCGGGTAGTAAATCATCATCCCCCTCATTGTACAGACGGCCCATTTCATCTAGTAAAAACTTGGCACGATCGGCGCAATTCTTGTCACGGGAACGTGCTACTGCGTTGATTACCGCGTTGAAGGATCGTGCATCGGGTTTGCAGTTTATGTCTAGTCCACTGTCGTTATTGTAAAAGTCGTACAGGTTACGGAGCAATTCTTCTGCTTTACGTGCCGATCCTCGTTCATTGCTACGTGCCCATGCCGTGATGACGGAGTTGTAACTAATTTTGTTTGGTTTGACATGATCCCATTTTCCATCGATGTTATGTTTGGGAGAGGAGTAGAGGTGCAGCATTTGATCGAGGAGGGCTTGAGCATGCTTTGCGGAATCTTTGCGTGTGCATCGTGCC
1	AGGYTTCGCCTCCTCAAACCCCATCGAATACAAACTCTCCATATGCATCAAAAGCTGTGCCGCCTTATCACTCGCCCCCTTTTCCAATGAATTGGCATAGGCATTAATAATCGCACCAAATGTCAATGCGTCGGGTAGTAAATCATCATCCCCCTCATTGTACAGACGGCCCATTTCATCTAGTAAAAACTTGGCACGATCGGCGCAATTCTTGTCACGGGAACGTGCTACTGCGTTGATTACCGCGTTGAAGGATCGTGCATCGGGTTTGCAGTTTATGTCTAGTCCACTATCGTTATTGTAAAAGTCGTACATGTTACGGAGCAATTCTTCTGCTTTACGTGCCGATCCTCGTTCAGTGCTACGTGCCCATGCCGTGATGACGGAGTTGTAACTAATTTTGTTTGGTTTGACATGATCCCATTTTCCATCGAGATTATGTTTGGGAGAGGAGTAGAGGTGCAGCATTTGATCGAGGAGGGCTTGTGCGTGCTTTGCGGAATCTTTGCGTGTGCATCGTGCC
1	AGGYTTCGCCTCCTCAAACCCCATCGAATACAAACTCTCCATATGCATCAAAAGCTGTGCCGCCTTATCACTCGCCCCCTTTTCCAATGAATTGGCATAGGCATTAATAATCGCACCAAATGTCAATGCATCGGGTAGTAAATCATCATCCCCCTCATTGTACAGCCGACCCATTTCATCTAGTAAAAACTTGGCACGATCGGCGCAATTCTTGTCACGGGAACGTGCTACTGCGTTGATTACCGCGTTGAAGGATCGTGCATGGGGTTTGCAGTTTATGTCTAGTCCACTGTCGTTATTGTAAAAGTCGTACATGTTACGTAGCAATTCTTCGGCTTTGCGTGCCGATCCTCGTTCATTGCTACGTGCCCATGCCGTGATGACGGAGTTGTAACTAATTTTGTTTGGTTTGATGTGATCCCATTTTCCATCGATGTTATGTTTGGGAGAGGAGTAGAGGTGCAGCATTTGATCGAGGAGGGCTTGAGCATGCTTTGCGGAATCTTTGCGTGTGCATCGTGCC
2	AGGYTTCGCCTCCTCAAACCCCATCGAATACAAACTCTCCATATGCATCAAAAGCTGTGCCGCCTTATCACTCGCCCCCTTTTCCAATGAATTGGCATAGGCATTAATAATCGCACCAAATGTCAATGCATCGGGTAGTAAATCATCATCCCCCTCATTGTACAGCCGACCCATTTCATCTAGTAAAAACTTGGCACGATCGGCGCAATTCTTGTCACGGGAACGTGCTACTGCGTTGATTACCGCGTTGAAGGATCGTGCATCGGGTTTGCAGTTTATGTCTAGTCCACTGTCGTTATTTTAAAAGTCGTACATGTTACGTAGCAATTCTTCGGCTTTGCGTGCCGATCCTCGTTCATTGCTACGTGCCCATGCCGTGATGACGGAGTTGTAACTAATTTTGTTTGGTTTGATGTGATCCCATTTTCCATCGATGTTATGTTTGGGAGAGGAGTAGAGGTGCAGCATTTGATCGAGGAGGGCTTGAGCATGCTTTGCGGAATCTTTGCGTGTGCATCGTGCC
1	AGGYTTCGCCTCCTCAAACCCCATCGAATACAAACTCTCCATATGCATCAAAAGCTGTGCCGCCTTATCACTCGCCCCCTTTTCCAATGAATTGGCATAGGCATTAATAATCGCACCAAATGTCAATGCATCGGGTAGTAAATCATCATCCCCCTCATTGTACAGCCGACCCATTTCATCTAGTAAAAACTTGGCACGATCGGCGCAATTCTTGTCACGGGAACGTGCTACTGCGTTGATTACCGCGTTGAAGGATCGTGCATCGGGTTTGCAGTTTATGTCTAGTCCACTGTCGTTATTGTAAAAGTCGTACATGTTACGTAGCAATTCTTCGGCTTTGCGTGCCGATCCTCGTTCATTGCTACGTGCCCATGCCGTGATGACGGAGTTGTAACTAATTTTGTTTGGTTTGATGTGATCCCATTTTCCTTCGATGTTATGTTTGGGAGAGGAGTAGAGGTGCAGCATTTGATCGAGGAGGGCTTGAGCATGCTTTGCGGAATCTTTGCGTGTGCATCGTGCC
1	AGGYTTCGCCTCCTCAAACCCCATCGAATACAAACTCTCCATATGCATCAAAAGCTGTGCCGCCTTATCACTCGCCCCCTTTTCCAATGAATTGGCATAGGCATTAATAATCGCACCAAATGTCAATGCATCGGGTAGTAAATCATCATCCCCCTCATTGTACAGCCGACCCATTTCATCTAGTAAAAACTTGGCACGATCGGCGCAATTCTTGTCACGGGAACGTGCTACTGCGTTGATTACCGCGTTGAAGGATCGTGCATCGGGTTTGCAGTTTATGTCTAGTCCACTGTCGTTATTGTAAAAGTCGTACATGTTACGTAGCAATTCTTCGGCTTTGCGTGCCGATCCTCGTTCATTGCGACGTGCCCATGCCGTGATGACGGAGTTGTAACTAATTTTGTTTGGTTTGATGTGATCCCATTTTCCATCGATGTTATGTTTGGGAGAGGAGTAGAGGTGCAGCATTTGATCGAGGAGGGCTTGAGCATGCTTTGCGGAATCTTTGCGTGTGCATCGTGCC
1	AGGYTTCGCCTCCTCAAACCCCATCGAATACAAACTCTCCATATGCATCAAAAGCTGTGCCGCCTTATCACTCGCCCCCTTTTCCAATGAATTGGCATAGGCATTAATAATCGCACCAAATGTCAATGCATCGGGTAGTAAATCATCATCCCCCTCATTGTACAGCCGACCCATTTCATCTAGTAAAAACTTGGCACGATCGGCGCAATTCTTGTCACGGGAACGTGCTACTGCGTTGATTACCGCGTTGAAGGATCGTGCATCGGGTTTGCAGTTTATGTCTAGTCCACTGTCGTTATTGTAAAAGTCGTACATGTTACGTAGCAATTCTTCGGCTTTGCGTGCCGAACCTCGTTCATTGCTACGTGCCCATGCCGTGATGACGGAGTTGTAACTAATTTTGTTTGGTTTGATGTGATCCCATTTTCCATCGATGTTATGTTTGGGAGAGGAGTAGAGGTGCAGCATTTGATCGAGGAGGGCTTGAGCATGCTTTGCGGAATCTTTGCGTGTGCATCGTGCC
1	AGGYTTCGCCTCCTCAAACCCCATCGAATACAAACTCTCCATATGCATCAAAAGCTGTGCCGCCTTATCACTCGCCCCCTTTTCCAATGAATTGGCATAGGCATTAATAATCGCACCAAATGTCAATGCATCGGGTAGTAAATCATCATCCCCCTCATTGTACAGCCGACCCATTTCATCTAGTAAAAACTTGGCACGATCGGCGCAATTCTTGTCACGGGAACGTGCTACTGCGTTGATTACCGCGTTGAAGGATCGTGCATCGGGTTTGCAGTTTATGTCTAGTCCACTGTCGTTATTGTAAAAGTCGTACATGTTACGTAGCAATGCTTCGGCTTTGCGTGCCGATCCTCGTTCATTGCTACGTGCCCATGCCGTGATGACGGAGTTGTAACTAATTTTGTTTGGTTTGATGTGATCCCATTTTCCATCGATGTTATGTTTGGGAGAGGAGTAGAGGTGCAGCATTTGATCGAGGAGGGCTTGAGCATGCTTTGCGGAATCTTTGCGTGTGCATCGTGCC
2	AGGYTTCGCCTCCTCAAACCCCATCGAATACAAACTCTCCATATGCATCAAAAGCTGTGCCGCCTTATCACTCGCCCCCTTTTCCAATGAATTGGCATAGGCATTAATAATCGCACCAAATGTCAATGCATCGGGTAGTAAATCATCATCCCCCTCATTGTACAGCCGACCCATTTCATCTAGTAAAAACTTGGCACGATCGGCGCAATTCTTGTCACGGGAACGTGCTACTGCGTTGATTACCGCGTTGAAGGATCGTGCATCGGGTTTGCAGTTTATGTCTAGTCCACTGTCGTTATTGTAAAAGTCGTACAGGTTACGTAGCAATTCTTCGGCTTTGCGTGCCGATCCTCGTTCATTGCTACGTGCCCATGCCGTGATGACGGAGTTGTAACTAATTTTGTTTGGTTTGATGTGATCCCATTTTCCATCGATGTTATGTTTGGGAGAGGAGTAGAGGTGCAGCATTTGATCGAGGAGGGCTTGAGCATGCTTTGCGGAATCTTTGCGTGTGCATCGTGCC
1	AGGYTTCGCCTCCTCAAACCCCATCGAATACAAACTCTCCATATGCATCAAAAGCTGTGCCGCCTTATCACTCGCCCCCTTTTCCAATGAATTGGCATAGGCATTAATAATCGCACCAAATGTCAATGCATCGGGTAGTAAATCATCATCCCCCTCATTGTACAGCCGACCCATTTCATCTAGTAAAAACTTGGCACGATCGGCGCAATTCTTGTCACGGGAACGTGCTACTGCGTTGATTACCGCGTTGAAGGATCGTGCATCGGGTTTGCAGTTTATGTCTAGTCCACTATCGTTATTGTAAAAGTCGTACATGTTACGGAGCAATTCTTCTGCTTTACGTGCCGATCCTCGTTCATTGCTACGTGCCCATGCCGTGATGACGGAGTTGTAACTAATTTTGTTTGGTTTGACATGATCCCATTTTCCATCGATATTATGTTTGGGAGAGGAGTAGAGGTGCAGCATTTGATCGAGGAGGGCTTGTGCGTGCTTTGCGGAATCTTTGCGTGTGCATCGTGCC
1	AGGYTTCGCCTCCTCAAACCCCATCGAATACAAACTCTCCATATGCATCAAAAGCTGTGCCGCCTTATCACTCGCCCCCTTTTCCAATGAATTGGCATAGGCATTAATAATCGCACCAAATGTCAATGCATCGGGTAGTAAATCATCATCCCCCTCATTGTACAGACGGCCCATTTCATCTAGTAAAAACTTGGCACGATCGGCGCAATTCTTGTCACGGGAACGTGCTACTGCGTTGATTACCGCGTTGAAGGATCGTGCATCGGGTTTGCAGTTTATGTCTAGTCCACTGTCGTTATTGTAAAAGTCGTACATGTTACGGAGCAATTCTTCGGCTTTACGTGCCGATCCTCGTTCATTGCTACGTGCCCATGCGGTGATGACGGAGTTGTAACTAATTTTGTTTGGTTTGACATGATCCCATTTTCCATCGATGTTATGTTTGGGAGAGGAGTAGAGGTGCAGCATTTGATCGAGGAGGGCTTGAGCATGCTTTGCGGAATCTTTGCGTGTGCATCGTGCC
1	AGGYTTCGCCTCCTCAAACCCCATCGAATACAAACTCTCCATATGCATCAAAAGCTGTGCCGCCTTATCACTCGCCCCCTTTTCCAATGAATTGGCATAGGCATTAATAATCGCACCAAATGTCAATGCATCGGGTAGTAAATCATCATCCCCCTCATTGTACAGACGGCCCATTTCATCTAGTAAAAACTTGGCACGATCGGCGCAATTCTTGTCACGGGAACGTGCTACTGCGTTGATTACCGCGTTGAAGGATCGTGCATCGGGTTTGCAGTTTATGTCTAGTCCACTGTCGTTATTGTAAAAGTCGTACAGGTGACGGAGCAATTCTTCTGCTTTACGTGCCGATCCTCGTTCATTGCTACGTGCCCATGCCGTGATGACGGAGTTGTAACTAATTTTGTTTGGTTTGATGTGATCCCATTTTCCATCGATGTTATGTTTGGGAGAGGAGTAGAGGTGCAGCATTTGATCGAGGAGGGCTTGAGCATGCTTTGCGGAATCTTTGCGTGTGCATCGTGCC
1	AGGYTTCGCCTCCTCAAACCCCATCGAATACAAACTCTCCATATGCATCAAAAGCTGTGCCGCCTTATCACTCGCCCCCTTTTCCAATGAATCGGCATAGGCATTAATAATCGCACCAAATGTCAATGCATCGGGTAGTAAATCATCATCCCCCTCATTGTACAGACGGCCCATTTCATCTAGTAAAAACTTGGCACGATCGGCGCAATTCTTGTCACGGGAACGTGCTACTGCGTTGATTACCGCGTTGAAGGATCGTGCATCGGGTTTGCAGTTTATGTCTAGTCCACTGTCGTTATTGTAAAAGTCGTACATGTTACGGAGCAATTCTTCTGCTTTACGTGCCGATCCTCGTTCATTGCTACGTGCCCATGCCGTGATGACGGAGTTGTAACTAATTTTGTTTGGTTTGACATGATCCCATTTTCCATCGATGTTATGTTTGGGAGAGGAGTAGAGGTGCAGCATTTGATCGAGGAGGGCTTGAGCATGCTTTGCGGAATCTTTGCGTGTGCATCGTGCC
1	AGGYTTCGCCTCCTCAAACCCCATCGAATACAAACTCTCCATATGCATCAAAAGCTGTGCCGCCTTATCACTCGCCCCCGTTTCCAATGAATTGGCATAGGCATTAATAATCGCACCAAATGTCAATGCATCGGGTAGTAAATCATCATCCCCCTCATTGTACAGCCGGCCCATTTCATCTAGTAAAAACTTGGCACGATCGGCGCAATTCTTGTCACGGGAACGTGCTACTGCGTTGATTACCGCGTTGAAGGATCGTGCATCGGGTTTGCAGTTTATGTCTAGTCCACTGTCGTTATTGTAAAAGTCGTACATGTTGCGTAACAATTCTTCGGCTTTACGTGCCGATCCTCGTTCATTGCTACGTGCCCATGCCGTGATGACGGAGTTGTAACTAATTTTGTTTGGTTTGATGTGATCCCATTTTCCATCGATGTTATGTTTGGGAGAGGAGTAGAGGTGCAGCATTTGATCGAGGAGGGCTTGAGCATGCTTTGCGGAATCTTTGCGTGTGCATCGTGCC
1	AGGYTTCGCCTCCTCAAACCCCATCGAATACAAACTCTCCATATGCATCAAAAGCTGTGCCGCCTTATCACTTGCCCCCTTTTCCAATGAATTGGCATAGGCATTAATAATCGCACCAAATGTCAATGCATCGGGTAGTAAATCATCATCCCCCTCATTGTACAGCCGACCCATTTCATCTAGTAAAAACTTGGCACGATCGGCGCAATTCTTGTCACGGGAACGTGCTACTGCGTTGATTACCGCGTTGAAGGATCGTGCATCGGGTTTGCAGTTTATGTCTAGTCCACTGTCGTTATTGTAAAAGTCGTACATGTTACGTAGCAATTCTTCGGCTTTGCGTGCCGATCCTCGTTCATTGCTACGTGCCCATGCCGTGATGACGGAGTTGTAACTAATTTTGTTTGGTTTGATGTGATCCCATTTTCCATCGATGTTATGTTTGGGAGAGGAGTAGAGGTGCAGCATTTGATCGAGGAGGGCTTGAGCATGCTTTGCGGAATCTTTGCGTGTGCATCGTGCC
1	AGGYTTCGCCTCCTCAAACCCCATCGAATACAAACTCTCCATATGCATCAAAAGCTGTGCCGCCTTATCACTCGCCCCCTTTTCCAATGAATTGGCATAGGCATTAATAATCGCACCAAATGTCAATGCGTCGGGTAGTAAATCATCATCCCCCTCATTGTACAGACGGCCCATTTCATCTAGTAAAAACTTGGCACGATCGGCGCAATTCTTGTCACGGGAACGTGCTACTGCGTTGATTACCGCGTTGAAGGATCGTGCATCGGGTTTGCAGTTTATGTCTAGTCCACTGTCGTTATTGTAAAAGTCGTACAGGTTACGGAGCAATTCTTCTGCTTTACGTGCCGATCCTCGTTCATTGCTACGTGCCCATGCCGTGATGACGGAGTTGTAACTAATTTTGTTTGGTTTGACATGATCCCATTTTCCATCGATGTTATGTTTGGGAGAGGAGTAGAGGTGCAGCATTTGATCGAGGAGGGCTTGAGCATGCTTTGCGGAATCTTTGCGTGTGCATCGTGCC
1	AGGYTTCGCCTCCTCAAACCCCATCGAATACAAACTCTCCATATGCATCAAAAGCTGTGCCGCCTTATCACTCGCCCCCTTTTCCAATGAATTGGCATAGGCATTAATAATCGCACCAAATGTCAATGCATCGGGTAGTAAATCATCATCCCCCTCATTGTACAGCCGATCCATTTCATCTAGTAAAAACTTGGCACGATCGGCGCAATTCTTGTCACGGGAACGTGCTACTGCGTTGATTACCGCGTTGAAGGATCGTGCATCGGGTTTGCAGTTTATGTCTAGTCCACTGTCGTTATTGTAAAAGTCGTACATGTTACGTAGCAATTCTTCGGCTTTGCGTGCCGATCCTCGTTCATTGCTACGTGCCCATGCCGTGATGACGGAGTTGTAACTAATTTTGTTTGGTTTGATGTGATCCCATTTTCCATCGATGTTATGTTTGGGAGAGGAGTAGAGGTGCAGCATTTGATCGAGGAGGGCTTGAGCATGCTTTGCGGAATCTTTGCGTGTGCATCGTGCC
1	AGGYTTCGCCTCCTCAAACCCCATCGAATACAAACTCTCCATATGCATCAAAAGCTGTGCCGCCTTATCACTCGCCCCCTTTTCCAATGAATTGGCATAGGCATTAATAATCGCACCAAATGTCAATGCATCGGGTAGTAAATCATCATCCCCCTCATTGTACAGCCGACCCATTTCACCTAGTAAAAACTTGGCACGATCGGCGCAATTCTTGTCACGGGAACGTGCTACTGCGTTGATTACCGCGTTGAAGGATCGTGCATCGGGTTTGCAGTTTATGTCTAGTCCACTGTCGTTATTGTAAAAGTCGTACATGTTACGTAGCAATTCTTCGGCTTTGCGTGCCGATCCTCGTTCATTGCTACGTGCCCATGCCGTGATGACGGAGTTGTAACTAATTTTGTTTGGTTTGATGTGATCCCATTTTCCATCGATGTTATGTTTGGGAGAGGAGTAGAGGTGCAGCATTTGATCGAGGAGGGCTTGAGCATGCTTTGCGGAATCTTTGCGTGTGCATCGTGCC
1	AGGYTTCGCCTCCTCAAACCCCATCGAATACAAACTCTCCATATGCATCAAAAGCTGTGCCGCCTTATCACTCGCCCCCTTTTCCAATGAATTGGCATAGGCATTAATAATCGCACCAAATGTCAATGCATCGGGTAGTAAATCATCATCCCCCTCATTGTACAGACGGCCCATTTCATCTAGTAAAAACTTGGCACGATCGGCGCAATTCTTGTCACGGGAACGTGCTACTGCGTTGATTACCGCGTTGAAGGATCGTGCATCGGGTTTGCAGTTTATGTCTAGTCCACTGTCGTTATTGTAAAAGTCGTACATGTTACGGAGCAATTCTTCTGCTTTACGTGCCGATCCTCGTTCATTGCTACGTGCCCATGCCGTGATGACGGAGTTGTAACTAATTTTGTTTGGTTTGATGTGATCCCATTTTCCATCGATGTTATGTTTGGGAGAGGAGTAGAGGTGCAGCATTTGATCGAGGAGGGCTTGAGCATGCTTTGCGGAATCTTTGCGTGTGCATCGTGCC
1	AGGYTTCGCCTCCTCAAACCCCATCGAATACAAACTCTCCATATGCATCAAAAGCTGTGCCGCCTTATCACTCGCCCCCTTTTCCAATGAATTGGCATAGGCATTAATAATCGCACCAAATGTCAATGCATCGGGTAGTAAATCATCATCCCCCTCATTGTACAGACGGCCCATTTCATCTAGTAAAAACTTGGCACGATCGGCGCAATTCTTGTCACGGGAACGTGCTACTGCGTTGATTACCGCGTTGAAGGATCGTGCATCGGGTTTGCAGTTTATGTCTAGTCCACTGTCGTTATTGTAAAAGTCGTACATGTTACGGAGCAATTCTTCTGCTTTACGTGCCGATCCTCGTTCATTGCGACGTGCCCATGCCGTGATGACGGAGTTGTAACTAATTTTGTTTGGTTTGATGTGATCCCATTTTCCATCGATGTTATGTTTGGGAGAGGAGTAGAGGTGCAGCATTTGATCGAGGAGGGCTTGAGCATGCTTTGCGGAATCTTTGCGTGTGCATCGGGCC
1	AGGYTTCGCCTCCTCAAACCCCATCGAATACAAACTCTCCATATGCATCAAAAGCTGTGCCGCCTTATCACTCGCCCCCTTTTCCAATGAATTGGCATAGGCATTAATAATCGCACCAAATGTCAATGCATCGGGTAGTAAATCATCATCCCCCTCATTGTACAGACGGCCCATTTCATCTAGTAAAAACTTGGCACGATCGGCGCAATTCTTGTCACGGGAACGTGCTACTGCGTTGATTACCGCGTTGAAGGATCGTGCATCGGGTTTGCAGTTTATGTCTAGTCCACTGTCGTTATTGTAAAAGTCGTACATGTTACGGAGCAATTCTTCGGCTTTACGTGCCGATCCTCGTTCATTGCTACGTGCCCATGCCGTGATGACGGAGTTGTAACTAATTTTGTTTGGTTTGATGTGATCCCATTTTCCATCGATGTTATGTTTGGGAGAGGAGTAGAGGTGCAGCATTTGATCGAGGAGGGCTTGAGCATGCTTTGCGGAATCTTTGCGTGTGCATCGTGCC
1	AGGYTTCGCCTCCTCAAACCCCATCGAATACAAACTCTCCATATGCATCAAAAGCTGTGCCGCCTTATCACTCGCCCCCTTTTCCAATGAATTGGCATAGGCATTAATAATCGCACCAAATGTCAATGCATCGGGTAGTAAATCATCATCCCCCTCATTGTACAGACGGCCCATTTCATCTAGTAAAAACTTGGCACGATCGGCGCAATTCTTGTCACGGGAACGTGCTACTGCGTTGATTACCGCGTTGAAGGATCGTGCATCGGGTTTGCAGTTTATGTCTAGTCCACTGTCGTTATTGTAAAAGTCGTACAGGTTACGGAGCAATTCTTCTGCTTTACGTGCCGATCCTCGTTCATTGCTACGTGCCCATGCCGTGATGACGGAGTTGTAACTAATTTTGTTTGGTTTGACATGATCCCATTTTCCATCGATGTTATGTTTGGGAGAGGAGTAGAGGTGCAGCATTTGATCGAGGAGGGCTTGAGCATGCTTTGCGGAATCTTTGCGTGTGCATCGTGCC
