"P21502_126","GP2-4_68","Strain","GP",NA,NA,NA,1,2,"CATGAAACGGAAACTCTGAGCACGCATACCCTTTCTTCTGGCATATGTTCTGAAAATAGTCATCATACGTGTCGATCTACGAACTCTAAATCTTATTACTTCCCCACATTGGTTTTTGATAAAGATCACAATCGATTCATTTGCTTCGTTTGCTCCATTTGCATCGTTTGCATCGTTTGCATCGTTTGCTTCGTTTGCTTCATTTGCTTCATTTGCTCCATTTGCTCCATTTGCTCCATTTGCTTCATTTGCTCCATTTGCGTTGCCATTGTATAGTGGACCAAAGGAGCAATGAATCATATCGTTGTCATTCATCCAAAGATTCTCAGGTGTGGAATCAGGGTGGACCTCATCTCCATTGAACTCGAAACGCAGCATATT"
"P21502_126","GP2-4_68","Strain","GP",NA,NA,NA,1,2,"CATGAAACGGAAACTCTGAGCACGCATACCCTTTCTTCTGGCATATGTTCTGAAAATAGTCATCATACGTGTCGATCTACGAACTCTAAATCTTATTACTTCCCCACATTGGTTTTTGATAAAGATCACAATCGATTCATTTGCTTCGTTTGCTCCATTTGCATCGTTTGCATCGTTTGCATCGTTTGCTTCGTTTGCTTCATTTGCTTCATTTGCTCCATTTGCGTTGCCATTGTATAGTGGACCAAAGGAGCAATGAATCATATCGTTGTCATTCATCCAAAGATTCTCAGGTGTGGAATCAGGGTGGACCTCATCTCCATTGAACTCGAAACGCAGCATATT"
"P21502_126","GP2-4_68","Strain","GP",NA,NA,NA,1,1,"CATGAAACGGAAACTCTGAGCACGCGTACCCTTTCTTCTGGCATATGTTCTGAAAATAGTCATCATACGTGTCGATCTACGAACTCTAAATCTTATTACTTCCCCACATTGGTTTTTGATAAAGATCACAATCGATTCATTTGCTTCGTTTGCTCCATTTGCATCGTTTGCATCGTTTGCATCGTTTGCTTCATTTGCTTCATTTGCTCCATTTGCTCCATTTGCTCCATTTGCTTCATTTGCTCCATTTGCGTTGCCATTGTATAGTGGACCAAAGGAGCAATGAATCATATCGTTGTCATTCATCCAAAGATTCTCAGGTGTGGAATCAGGGTGGACCTCATCTCCATTGAACTCGAAACGCAGCATATT"
"P21502_126","GP2-4_68","Strain","GP",NA,NA,NA,1,1,"CATGAAACGGAAACTCTGAGCACGCATACCCTTTCTTCTGGCATATGTTCTGAAAATAGTCATCATACGTGTCGATCTACGAACTCTAAATCTTATTACTTCCCTACATTGGTTTTTGATAAAGATCACAATCGATTCATTTGCTTCATTTGCTCCATTTGCTCCATTTGCTCCATTTGCTTCATTTGCTCCATTTGCGTTGCCATTGTATAGTGGACCAAAGGAGCAATGAATCATATCGTTGTCATTCATCCAAAGATTCTCAGGTGTGGAATCAGGGTGGACCTCATCTCCATTGAACTCGAAACGCAGCATATT"
"P21502_126","GP2-4_68","Strain","GP",NA,NA,NA,1,1,"CATGAAACGGAAACTCTGAGCACGCATACCCTTTCTTCTGGCATATGTTCTGAAAATAGTCATCATACGTGTCGATCTACGAACTCTAAATCTTATTACTTCCCCACATTGGTTTTTGATAAAGATCACAATCGATTCATTTGCTTCGTTTGCTTCGTTTGCTTCATTTGCTTCATTTGCTCCATTTGCTCCATTTGCTCCATTTGCTTCATTTGCTCCATTTGCGTTGCCATTGTATAGTGGACCAAAGGAGCAATGAATCATATCGTTGTCATTCATCCAAAGATTCTCAGGTGTGGAATCAGGGTGGACCTCATCTCCATTGAACTCGAAACGCAGCATATT"
"P21502_126","GP2-4_68","Strain","GP",NA,NA,NA,1,1,"CATGAAACGGAAACTCTGAGCACGCATACCCTTTCTTCTGGCATATGTTCTGAAAATAGTCATCATACGTGTCGATCTACGAACTCTAAATCTTATTACTTCCCCACATTGGTTTTTGATAAAGATCACAATCGATTCATTTGCTTCGTTTGCTCCATTTGCTCCATTTGCTCCATTTGCTTCATTTGCTCCATTTGCGTTGCCATTGTATAGTGGACCAAAGGAGCAATGAATCATATCGTTGTCATTCATCCAAAGATTCTCAGGTGTGGAATCAGGGTGGACCTCATCTCCATTGAACTCGAAACGCAGCATATT"
"P21502_126","GP2-4_68","Strain","GP",NA,NA,NA,1,1,"CATGAAACGGAAACTCTGAGCACGCATACCCTTTCTTCTGGCATATGTTCTGAAAATAGTCATCATACGTGTCGATCTACGAACTCTAAATCTTATTACTTCCCCACATTGGTTTTTGATAAAGATCACAATCGATTCATTTGCTTCGTTTGCTCCATTTGCATCGTTTGCATCGTTTGCTCCATTTGCTCCATTTGCTTCATTTGCTCCATTTGCGTTGCCATTGTATAGTGGACCAAAGGAGCAATGAATCATATCGTTGTCATTTATCCAAAGATTCTCAGGTGTGGAATCAGGGTGGACCTCATCTCCATTGAACTCGAAACGCAGCATATT"
"P21502_126","GP2-4_68","Strain","GP",NA,NA,NA,1,1,"CATGAAACGGAAACTCTGAGCACGCATACCCTTTCTTCTGGCATATGTTCTGAAAATAGTCATCATACGTGTCGATCTACGAACTCTAAATCTTATTACTTCCCCACATTGGTTTTTGATAAAGATCACAATCGATTCATTTGCTTCGTTTGCTCCATTTGCATCGTTTGCATCGTTTGCATCGTTTGCTTCGTTTGCTTCATTTGCTTCATTTGCTTCATTTGCTCCATTTGCTCCATTTGCTTCATTTGCTCCATTTGCGTTGCCATTGTATAGTGGACCAAAGGAGCAATGAATCATATCGTTGTCATTCATCCAAAGATTCTCAGGTGTGGAATCAGGGTGGACCTCATCTCCATTGAACTCGAAACGCAGCATATT"
"P21502_126","GP2-4_68","Strain","GP",NA,NA,NA,1,1,"CATGAAACGGAAACTCTGAGCACGCATACCCTTTCTTCTGGCATATGTTCTGAAAATAGTCATCATACGTGTCGATCTACGAACTCTAAATCTTATTACTTCCCCACATTGGTTTTTGATAAAGATCACAATCGATTCATTTGCTTCGTTTGCTCCATTTGCATCGTTTGCATCGTTTGCATCGTTTGCTTCGTTTGCTTCATTTGCTTCATTTGCTTCATTTGCTCCATTTGCTCCATTTGCTCCATTTGCTTCATTTGCTCCATTTGCGTTGCCATTGTATAGTGGACCAAAGGAGCAATGAATCATATCGTTGTCATTCATCCAAAGATTCTCAGGTGTGGAATCAGGGTGGACCTCATCTCCATTGAACTCGAAACGCAGCATATT"
"P21502_126","GP2-4_68","Strain","GP",NA,NA,NA,1,1,"CATGAAACGGAAACTCTGAGCACGCATACCCTTTCTTCTGGCATATGTTCTGAAAATAGTCATCATACGTGTCGATCTACGAACTCTAAATCTTATTACTTCCCCACATTGGTTTTTGATAAAGATCACAATCGATTCATTTGCTTCGTTTGCTCCATTTGCATCGTTTGCATCGTTTGCATCGTTTGCTTCGTTTGCTTCATTTGCTTCATTTGCTTCATTTGCGTTGCCATTGTATAGTGGACCAAAGGAGCAATGAATCATATCGTTGTCATTCATCCAAAGATTCTCAGGTGTGGAATCAGGGTGGACCTCATCTCCATTGAACTCGAAACGCAGCATATT"
"P21502_126","GP2-4_68","Strain","GP",NA,NA,NA,1,1,"CATGAAACGGAAACTCTGAGCACGCATACCCTTTCTTCTGGCATATGTTCTGAAAATAGTCATCATACGTGTCGATCTACGAACTCTAAATCTTATTACTTCCCCACATTGGTTTTTGATAAAGATCACAATCGATTCATTTGCTTCGTTTGCTCCATTTGCATCGTTTGCATCGTTTGCATCGTTTGCTTCGTTTGCTTCATTTGCTTCATTTGCTTCATTTCCTTCGTTTGCTTCGTTTGCTTCGTTTGCTTCATTTCCTCGTTTGCTTCGTTTGCTTCGTTTGCTTCGTTTGCTTCATTTGCTTCATTTGCTCCATTTGCTCCATTTGCTCCATTTGCTTCATTTGCTCCATTTGCGTTGCCATTGTATAGTGGACCAAAGGAGCAATGAATCATATCGTTGTCATTCATCCAAAGATTCTCAGGTGTGGAATCAGGGTGGACCTCATCTCCATTGAACTCGAAACGCAGCATATT"
"P21502_126","GP2-4_68","Strain","GP",NA,NA,NA,1,1,"CATGAAACGGAAACTCTGAGCACGCATACCCTTTCTTCTGGCATATGTTCTGAAAATAGTCATCATACGTGTCGATCTACGAACTCTAAATCTTATTACTTCCCCACATTGGTTTTTGATAAAGATCACAATCGATTCATTTGCTTCGTTTGCTCCATTTGCATCGTTTGCATCGTTTGCATCGTTTGCTTCGTTTGCTTCATTTGCTCCATTTGCGTTGCCATTGTATAGTGGACCAAAGGAGCAATGAATCATATCGTTGTCATTCATCCAAAGATTCTCAGGTGTGGAATCAGGGTGGACCTCATCTCCATTGAACTCGAAACGCAGCATATT"
"P21502_126","GP2-4_68","Strain","GP",NA,NA,NA,1,1,"CATGAAACGGAAACTCTGAGCACGCATACCCTTTCTTCTGGCATATGTTCTGAAAATAGTCATCATACGTGTCGATCTACGAACTCTAAATCTTATTACTTCCCCACATTGGTTTTTGATAAAGATCACAATCGATTCATTTGCTTCGTTTGCTCCATTTGCATCGTTTGCATCGTTTGCATCGTTTGCTTCGTTTGCGTTGCCATTGTATAGTGGACCAAAGGAGCAATGAATCATATCGTTGTCATTCATCCAAAGATTCTCAGGTGTGGAATCAGGGTGGACCTCATCTCCGTTGAACTCGAAACGCAGCATATT"
"P21502_126","GP2-4_68","Strain","GP",NA,NA,NA,1,1,"CATGAAACGGAAACTCTGAGCACGCATACCCTTTCTTCTGGCATATGTTCTGAAAATAGTCATCATACGTGTCGATCTACGAACTCTAAATCTTATTACTTCCCCACATTGGTTTTTGATAAAGATCACAATCGATTCATTTGCTTCGTTTGCTCCATTTGCATCGTTTGCATCGTTTGCATCGTTTGCTTCATTTGCTTCATTTGCTCCATTTGCTCCATTTGCTCCATTTGCTTCATTTGCTCCATTTGCGTTGCCATTGTATAGTGGACCAAAGGAGCAATGAATCATATCGTTGTCATTCATCCAAAGATTCTCAGGTGTGGAATCAGGGTGGACCTCATCTCCATTGAACTCGAAACGCAGCATATT"
"P21502_126","GP2-4_68","Strain","GP",NA,NA,NA,1,1,"CATGAAACGGAAACTCTGAGCACGCATACCCTTTCTTCTGGCATATGTTCTGAAAATAGTCATCATACGTGTCGATCTACGAACTCTAAATCTTATTACTTCCCCACATTGGTTTTTGATAAAGATCACAATCGATTCATTTGCTTCGTTTGCTCCATTTGCATCGTTTGCATCGTTTGCATCATTTGCTTCATTTGCTCCATTTGCTCCATTTGCTCCATTTGCTTCATTTGCTCCATTTGCGTTGCCATTGTATAGTGGACCAAAGGAGCAATGAATCATATCGTTGTCATTCATCCAAAGATTCTCAGGTGTGGAATCAGGGTGGACCTCATCTCCATTGAACTCGAAACGCAGCATATT"
"P21502_126","GP2-4_68","Strain","GP",NA,NA,NA,1,1,"CATGAAACGGAAACTCTGAGCACGCATACCCTTTCTTCTGGCATATGTTCTGAAAATAGTCATCATACGTGTCGATCTACGAACTCTAAATCTTATTACTTCCCCACATTGGTTTTTGATAAAGATCACAATCGATTCATTTCCTTCGTTTGCTTCGTTTGCTTCGTTTGCTTCGTTTGCTTCATTTGCTTCATTTGCTCCATTTGCTCCATTTGCTCCATTTGCTTCATTTGCTCCATTTGCGTTGCCATTGTATAGTGGACCAAAGGAGCAATGAATCATATCGTTGTCATTCATCCAAAGATTCTCAGGTGTGGAATCAGGGTGGACCTCATCTCCATTGAACTCGAAACGCAGCATATT"
"P21502_126","GP2-4_68","Strain","GP",NA,NA,NA,1,1,"CATGAAACGGAAACTCTGAGCACGCATACCCTTTCTTCTGGCATATGTTCTGAAAATAGACATCATGCGTGTCGATCTACGAACTCTAAATCTTATTACTTCCCCACATTGGTTTTTGATAAAGATCACAATCGATTCATTTGCTTCGTTTACATCGTTTGCATCGTTTGCATCGTTTGCTCCATTTGCGTTGCCATTGTATAGTGGACCAAAAGAGCAATGAATCAAATCGTTGTCATTCATCCAAAGATTCTCAGGTGTGGAATCAGGGTGGACCTCATCTCCATTGAACTCGAAACGCAGCATATT"
